Page ID,Name,Views,Clicks,Purchase Rate
dog>food>dry-food,All / Dog / Food / Dry Food,7040,2195,0.26
dog>flea-and-worming,All / Dog / Flea And Worming,5550,3725,0.52
cat>food>wet-food,All / Cat / Food / Wet Food,5247,2514,0.43
dog>food,All / Dog / Food,5118,1204,0.2
dog,All / Dog,4947,1681,0.29
cat>litter-and-accessories,All / Cat / Litter And Accessories,3829,1551,0.31
cat>food>dry-food,All / Cat / Food / Dry Food,3574,1223,0.3
cat>food,All / Cat / Food,3325,1035,0.23
dog>toys,All / Dog / Toys,3284,1694,0.33
royal-canin,All / Royal Canin,2884,686,0.22
cat,All / Cat,2473,805,0.3
dog>treats,All / Dog / Treats,2464,909,0.27
cat>flea-and-worming,All / Cat / Flea And Worming,2445,1726,0.52
cat>toys,All / Cat / Toys,2282,1246,0.34
dog>beds,All / Dog / Beds,1885,1269,0.4
nexgard-spectra,All / Nexgard Spectra,1758,703,0.38
dog>food>wet-food,All / Dog / Food / Wet Food,1703,481,0.24
cat>trees-and-scratchers,All / Cat / Trees And Scratchers,1590,808,0.33
black-hawk,All / Black Hawk,1560,462,0.27
dog>grooming,All / Dog / Grooming,1490,832,0.38
simparica-trio,All / Simparica Trio,1394,510,0.34
cat>treats,All / Cat / Treats,1389,424,0.25
dog>collars-and-leads,All / Dog / Collars And Leads,1388,725,0.35
dog>health,All / Dog / Health,1337,629,0.35
dog>food>natural-food,All / Dog / Food / Natural Food,1210,373,0.22
dog>treats>natural-treats,All / Dog / Treats / Natural Treats,1198,536,0.32
dog>flea-and-worming>nexgard-spectra,All / Dog / Flea And Worming / Nexgard Spectra,1076,501,0.43
bravecto,All / Bravecto,1072,588,0.49
kong,All / Kong,975,441,0.35
cat>litter-and-accessories>litter-boxes,All / Cat / Litter And Accessories / Litter Boxes,965,460,0.34
dog>treats>dental-health,All / Dog / Treats / Dental Health,955,423,0.34
advance,All / Advance,950,269,0.26
ziwi,All / Ziwi,932,254,0.24
hills-science-diet,All / Hills Science Diet,922,256,0.25
greenies,All / Greenies,857,338,0.34
dog>training-and-clean-up,All / Dog / Training And Clean Up,853,391,0.35
cat>feeding,All / Cat / Feeding,837,383,0.33
dog>toys>interactive-toys,All / Dog / Toys / Interactive Toys,806,463,0.35
open-farm,All / Open Farm,799,289,0.33
taste-of-the-wild,All / Taste Of The Wild,770,316,0.34
dog>feeding,All / Dog / Feeding,742,401,0.35
dog>food>vet-diets,All / Dog / Food / Vet Diets,700,167,0.21
cat>food>vet-diets,All / Cat / Food / Vet Diets,690,250,0.31
dog>clothes,All / Dog / Clothes,675,256,0.27
kitten,All / Kitten,668,262,0.3
fancy-feast,All / Fancy Feast,662,240,0.27
hills-prescription-diet,All / Hills Prescription Diet,638,179,0.26
royal-canin-veterinary-diet,All / Royal Canin Veterinary Diet,624,166,0.22
dog>house-and-travel,All / Dog / House And Travel,609,290,0.35
dog>treats>long-lasting-treats,All / Dog / Treats / Long Lasting Treats,588,245,0.3
cat>beds,All / Cat / Beds,585,281,0.3
cat>grooming,All / Cat / Grooming,579,319,0.42
meals-for-mutts,All / Meals For Mutts,575,30,0.05
ivory-coat,All / Ivory Coat,560,193,0.31
dine,All / Dine,541,221,0.33
cat>health,All / Cat / Health,530,237,0.32
pawise,All / Pawise,527,69,0.1
bird,All / Bird,515,88,0.13
weruva,All / Weruva,508,193,0.22
feliway,All / Feliway,496,192,0.34
fish>food>holiday-feeders,All / Fish / Food / Holiday Feeders,464,8,0.02
advocate,All / Advocate,455,222,0.43
dog>treats>training-treats,All / Dog / Treats / Training Treats,452,178,0.27
bird>food>chicken-food,All / Bird / Food / Chicken Food,441,231,0.4
small-pet>food,All / Small Pet / Food,438,152,0.28
small-pet>toys-and-hideaways,All / Small Pet / Toys And Hideaways,419,153,0.26
cat>collars-and-leads,All / Cat / Collars And Leads,418,198,0.32
fish>food,All / Fish / Food,417,154,0.29
dog>training-and-clean-up>crates,All / Dog / Training And Clean Up / Crates,415,192,0.35
cat>food>natural-food,All / Cat / Food / Natural Food,414,180,0.3
dog>food>freeze-and-air-dried,All / Dog / Food / Freeze And Air Dried,407,127,0.24
cat>litter-and-accessories>tofu,All / Cat / Litter And Accessories / Tofu,391,168,0.37
dog>food>black-hawk,All / Dog / Food / Black Hawk,387,87,0.22
cat>litter-and-accessories>self-cleaning,All / Cat / Litter And Accessories / Self Cleaning,387,186,0.42
drontal,All / Drontal,379,210,0.54
cat>feeding>water-fountains,All / Cat / Feeding / Water Fountains,361,180,0.34
nexgard,All / Nexgard,358,120,0.31
applaws,All / Applaws,358,139,0.33
revolution-plus,All / Revolution Plus,356,119,0.29
dog>health>joint-care,All / Dog / Health / Joint Care,351,190,0.42
pro-plan,All / Pro Plan,349,96,0.24
dog>health>dental-care,All / Dog / Health / Dental Care,349,215,0.44
dog>food>puppy,All / Dog / Food / Puppy,344,125,0.28
dog>health>stress-and-anxiety,All / Dog / Health / Stress And Anxiety,339,243,0.51
cat>food>freeze-and-air-dried,All / Cat / Food / Freeze And Air Dried,335,96,0.25
savourlife,All / Savourlife,335,106,0.26
milbemax,All / Milbemax,332,181,0.53
the-curious-box,All / The Curious Box,321,150,0.4
paws-for-life,All / Paws For Life,319,118,0.26
orijen,All / Orijen,318,32,0.09
small-pet>beds,All / Small Pet / Beds,314,43,0.16
oravet,All / Oravet,314,143,0.46
dog>clothes>shoes,All / Dog / Clothes / Shoes,313,165,0.46
cat>litter-and-accessories>clumping,All / Cat / Litter And Accessories / Clumping,312,139,0.38
cat>house-and-travel,All / Cat / House And Travel,309,165,0.38
dog>food>premium,All / Dog / Food / Premium,308,88,0.21
zylkene,All / Zylkene,305,174,0.54
adaptil,All / Adaptil,303,169,0.5
wellness,All / Wellness,301,126,0.34
breeders-choice,All / Breeders Choice,297,76,0.25
supercoat,All / Supercoat,292,79,0.24
felix,All / Felix,290,80,0.21
cat>feeding>food-dispensers,All / Cat / Feeding / Food Dispensers,286,138,0.34
dog>food>grain-free,All / Dog / Food / Grain Free,285,103,0.29
dog>technology,All / Dog / Technology,283,64,0.2
simparica,All / Simparica,282,107,0.36
cat>toys>interactive-toys,All / Cat / Toys / Interactive Toys,277,127,0.32
dog>feeding>bowls,All / Dog / Feeding / Bowls,276,107,0.28
puppy,All / Puppy,271,94,0.34
milpro,All / Milpro,269,121,0.39
dog>treats>freeze-and-air-dried,All / Dog / Treats / Freeze And Air Dried,266,69,0.21
bravecto-plus,All / Bravecto Plus,261,134,0.52
small-pet>treats,All / Small Pet / Treats,260,106,0.29
fish>tanks-and-aquariums,All / Fish / Tanks And Aquariums,260,74,0.24
dog>flea-and-worming>fleas,All / Dog / Flea And Worming / Fleas,256,32,0.11
dog>house-and-travel>gates,All / Dog / House And Travel / Gates,252,63,0.2
cat>training-and-clean-up,All / Cat / Training And Clean Up,249,106,0.24
optimum,All / Optimum,248,64,0.25
dog>toys>tough,All / Dog / Toys / Tough,248,132,0.39
fuzzyard,All / Fuzzyard,245,88,0.25
fish>decorations,All / Fish / Decorations,244,119,0.28
cat>health>stress-and-anxiety,All / Cat / Health / Stress And Anxiety,238,109,0.38
instinctive-bite,All / Instinctive Bite,236,96,0.38
small-pet>cages-and-accessories,All / Small Pet / Cages And Accessories,233,89,0.28
bird>perches-and-toys,All / Bird / Perches And Toys,231,75,0.23
dog>health>ear-care,All / Dog / Health / Ear Care,230,119,0.42
dog>flea-and-worming>all-in-one,All / Dog / Flea And Worming / All In One,229,141,0.47
cat>technology,All / Cat / Technology,229,103,0.33
feline-natural,All / Feline Natural,228,90,0.31
dog>toys>puppy,All / Dog / Toys / Puppy,226,118,0.37
wahl,All / Wahl,225,99,0.36
dog>health>probiotics,All / Dog / Health / Probiotics,223,116,0.41
fish>filters-and-media,All / Fish / Filters And Media,222,97,0.32
dog>food>royal-canin,All / Dog / Food / Royal Canin,222,66,0.27
revolution,All / Revolution,216,102,0.46
whimzees,All / Whimzees,214,135,0.52
paw-blackmores,All / Paw Blackmores,212,67,0.26
fish>water-care,All / Fish / Water Care,202,75,0.3
lickimat,All / Lickimat,201,84,0.38
cat>food>premium,All / Cat / Food / Premium,201,79,0.36
furminator,All / Furminator,199,43,0.24
whiskas,All / Whiskas,199,34,0.17
rogz,All / Rogz,199,91,0.36
dog>feeding>water-fountains,All / Dog / Feeding / Water Fountains,197,109,0.4
chuckit,All / Chuckit,194,94,0.41
cat>flea-and-worming>advocate,All / Cat / Flea And Worming / Advocate,193,76,0.37
dog>flea-and-worming>intestinal-worms,All / Dog / Flea And Worming / Intestinal Worms,191,60,0.26
dog>treats>biscuits,All / Dog / Treats / Biscuits,190,65,0.31
sentinel,All / Sentinel,188,70,0.38
vetalogica,All / Vetalogica,187,84,0.39
dog>training-and-clean-up>training-pads-and-nappies,All / Dog / Training And Clean Up / Training Pads And Nappies,185,91,0.34
vetafarm,All / Vetafarm,184,41,0.16
blackdog,All / Blackdog,183,62,0.26
bird>food>wild-bird-food,All / Bird / Food / Wild Bird Food,179,45,0.2
paw-and-spoon,All / Paw And Spoon,177,59,0.26
bird>food,All / Bird / Food,177,40,0.21
petkit,All / Petkit,174,68,0.37
zignature,All / Zignature,173,93,0.46
catit,All / Catit,172,76,0.38
dog>beds>cushions-and-mats,All / Dog / Beds / Cushions And Mats,168,72,0.34
michu,All / Michu,165,52,0.29
my-dog,All / My Dog,164,40,0.23
dog>grooming>brushes-and-combs,All / Dog / Grooming / Brushes And Combs,161,79,0.37
dog>flea-and-worming>tapeworms,All / Dog / Flea And Worming / Tapeworms,161,84,0.4
eukanuba,All / Eukanuba,161,58,0.38
west-paw,All / West Paw,161,63,0.3
dog>beds>elevated-beds,All / Dog / Beds / Elevated Beds,161,73,0.42
cat>feeding>bowls,All / Cat / Feeding / Bowls,159,46,0.23
bird>feeding-accessories,All / Bird / Feeding Accessories,159,83,0.37
dog>collars-and-leads>leads,All / Dog / Collars And Leads / Leads,158,87,0.29
cat>house-and-travel>carriers,All / Cat / House And Travel / Carriers,157,50,0.24
dog>toys>ball-throwers,All / Dog / Toys / Ball Throwers,153,53,0.26
vitapet,All / Vitapet,150,31,0.17
petz-park,All / Petz Park,149,80,0.48
bird>cages-and-accessories,All / Bird / Cages And Accessories,149,45,0.22
purina-one,All / Purina One,144,48,0.26
aloveen,All / Aloveen,144,51,0.33
dog>house-and-travel>car-seats,All / Dog / House And Travel / Car Seats,142,25,0.09
cat>litter-and-accessories>crystal,All / Cat / Litter And Accessories / Crystal,140,43,0.27
dog>beds>cooling,All / Dog / Beds / Cooling,138,65,0.4
trouble-and-trix,All / Trouble And Trix,137,57,0.36
cat>beds>window-beds,All / Cat / Beds / Window Beds,137,79,0.39
fish>cleaning-and-maintenance,All / Fish / Cleaning And Maintenance,136,42,0.27
catmate,All / Catmate,136,39,0.26
cat>litter-and-accessories>paper,All / Cat / Litter And Accessories / Paper,135,26,0.19
seresto,All / Seresto,135,72,0.52
bird>food>parrot-food,All / Bird / Food / Parrot Food,131,57,0.37
reptile>habitats-and-habitat-accessories,All / Reptile / Habitats And Habitat Accessories,130,58,0.3
fussy-cat,All / Fussy Cat,129,30,0.22
dog>collars-and-leads>puppy,All / Dog / Collars And Leads / Puppy,129,67,0.37
horse>health,All / Horse / Health,128,40,0.22
dog>flea-and-worming>heartworms,All / Dog / Flea And Worming / Heartworms,128,67,0.37
bird>health-and-grooming,All / Bird / Health And Grooming,127,86,0.36
horse>food,All / Horse / Food,125,38,0.24
dog>grooming>shampoo-and-conditioner,All / Dog / Grooming / Shampoo And Conditioner,124,41,0.28
dog>feeding>food-storage,All / Dog / Feeding / Food Storage,123,0,0
cat>food>grain-free,All / Cat / Food / Grain Free,122,41,0.2
dog>treats>puppy,All / Dog / Treats / Puppy,119,52,0.34
dog>beds>bolster-beds,All / Dog / Beds / Bolster Beds,119,51,0.41
all-for-paws,All / All For Paws,116,33,0.23
dog>feeding>feeding-and-lick-mats,All / Dog / Feeding / Feeding And Lick Mats,114,68,0.48
wag,All / Wag,113,42,0.3
puppia,All / Puppia,105,56,0.43
dog>toys>soft-toys,All / Dog / Toys / Soft Toys,105,36,0.23
hypro-premium,All / Hypro Premium,104,37,0.35
balanced-life,All / Balanced Life,103,25,0.25
dog>health>vitamins-and-supplements,All / Dog / Health / Vitamins And Supplements,102,48,0.41
worlds-best-cat-litter,All / Worlds Best Cat Litter,102,36,0.32
cat>grooming>brushes-and-combs,All / Cat / Grooming / Brushes And Combs,101,54,0.41
absolute-holistic,All / Absolute Holistic,101,42,0.32
paragard,All / Paragard,100,78,0.71
nylabone,All / Nylabone,100,73,0.47
dog>flea-and-worming>drontal,All / Dog / Flea And Worming / Drontal,99,54,0.6
fish>heating-and-lighting,All / Fish / Heating And Lighting,97,24,0.14
rufus-and-coco,All / Rufus And Coco,96,30,0.28
zodiac,All / Zodiac,95,33,0.34
dog>collars-and-leads>walking-accessories,All / Dog / Collars And Leads / Walking Accessories,94,40,0.35
advantage,All / Advantage,94,40,0.42
dog>flea-and-worming>tablets,All / Dog / Flea And Worming / Tablets,94,36,0.34
cat>litter-and-accessories>wood,All / Cat / Litter And Accessories / Wood,94,25,0.25
frontline,All / Frontline,93,35,0.4
dog>feeding>food-dispensers,All / Dog / Feeding / Food Dispensers,93,60,0.43
dog>health>skin-care,All / Dog / Health / Skin Care,93,48,0.34
fish>pumps,All / Fish / Pumps,93,17,0.15
dog>grooming>wipes,All / Dog / Grooming / Wipes,92,57,0.43
dog>training-and-clean-up>stain-and-odour-removers,All / Dog / Training And Clean Up / Stain And Odour Removers,92,54,0.31
dog>flea-and-worming>simparica-trio,All / Dog / Flea And Worming / Simparica Trio,92,40,0.48
love-em,All / Love Em,91,20,0.23
zippypaws,All / Zippypaws,89,38,0.32
ezi-lockodour,All / Ezi Lockodour,89,33,0.31
dog>collars-and-leads>collars,All / Dog / Collars And Leads / Collars,89,56,0.38
dog>health>cones,All / Dog / Health / Cones,88,34,0.4
reptile>food,All / Reptile / Food,88,27,0.2
small-pet>feeding-accessories,All / Small Pet / Feeding Accessories,88,47,0.39
dog>food>single-source-protein,All / Dog / Food / Single Source Protein,88,43,0.4
kazoo,All / Kazoo,87,20,0.23
inaba,All / Inaba,87,36,0.25
big-dog,All / Big Dog,86,2,0.03
cat>flea-and-worming>bravecto,All / Cat / Flea And Worming / Bravecto,85,52,0.54
dog>toys>balls,All / Dog / Toys / Balls,84,36,0.27
reptile>heating-and-lighting,All / Reptile / Heating And Lighting,84,29,0.28
interceptor,All / Interceptor,83,36,0.45
dentalife,All / Dentalife,82,22,0.25
natures-cuts,All / Natures Cuts,82,43,0.33
dog>food>hills-science-diet,All / Dog / Food / Hills Science Diet,81,30,0.37
dog>feeding>anti-gulp,All / Dog / Feeding / Anti Gulp,80,34,0.29
yours-droolly,All / Yours Droolly,79,32,0.28
harmony,All / Harmony,79,5,0.04
trilogy,All / Trilogy,79,8,0.1
dog>training-and-clean-up>toilets,All / Dog / Training And Clean Up / Toilets,77,32,0.34
zealandia,All / Zealandia,77,31,0.29
dog>grooming>clippers,All / Dog / Grooming / Clippers,76,39,0.33
dog>toys>kong,All / Dog / Toys / Kong,76,33,0.4
cat>house-and-travel>furniture-protectors,All / Cat / House And Travel / Furniture Protectors,76,35,0.36
advantix,All / Advantix,76,48,0.58
glyde,All / Glyde,76,31,0.4
dog>food>overweight,All / Dog / Food / Overweight,76,34,0.33
cat>food>royal-canin,All / Cat / Food / Royal Canin,75,34,0.3
small-pet>health,All / Small Pet / Health,75,17,0.2
vets-all-natural,All / Vets All Natural,74,21,0.32
dog>collars-and-leads>muzzles,All / Dog / Collars And Leads / Muzzles,74,38,0.49
oz-pet,All / Oz Pet,74,28,0.37
dog>health>digestive-care,All / Dog / Health / Digestive Care,74,40,0.49
dog>house-and-travel>car-seat-covers,All / Dog / House And Travel / Car Seat Covers,74,23,0.27
dog>health>oils,All / Dog / Health / Oils,74,38,0.43
dog>food>meal-toppers,All / Dog / Food / Meal Toppers,73,26,0.28
cat>treats>natural-treats,All / Cat / Treats / Natural Treats,73,20,0.23
malaseb,All / Malaseb,72,17,0.24
cat>health>vitamins-and-supplements,All / Cat / Health / Vitamins And Supplements,72,21,0.12
dog>house-and-travel>water-pools,All / Dog / House And Travel / Water Pools,72,26,0.37
pedigree,All / Pedigree,71,35,0.39
fish>health,All / Fish / Health,71,14,0.13
dog>treats>bully-sticks,All / Dog / Treats / Bully Sticks,70,30,0.34
dog>clothes>clothing-accessories,All / Dog / Clothes / Clothing Accessories,70,21,0.29
dog>food>sensitive-stomach,All / Dog / Food / Sensitive Stomach,70,26,0.26
catsan,All / Catsan,69,29,0.44
dog>beds>puppy,All / Dog / Beds / Puppy,69,16,0.18
dog>training-and-clean-up>treat-bags,All / Dog / Training And Clean Up / Treat Bags,69,26,0.19
tropiclean,All / Tropiclean,68,32,0.43
zamipet,All / Zamipet,67,29,0.38
reptile>tanks-and-terrariums,All / Reptile / Tanks And Terrariums,67,13,0.16
neovet,All / Neovet,67,36,0.51
cat>litter-and-accessories>liners,All / Cat / Litter And Accessories / Liners,67,17,0.19
dog>food>dental-health,All / Dog / Food / Dental Health,66,36,0.44
bird>food>cockatiel-food,All / Bird / Food / Cockatiel Food,66,21,0.27
pidan,All / Pidan,65,27,0.33
fish>feeding,All / Fish / Feeding,65,9,0.08
passwell,All / Passwell,64,4,0.06
bell-and-bone,All / Bell And Bone,63,17,0.27
cat>treats>liquid-and-paste-treats,All / Cat / Treats / Liquid And Paste Treats,62,17,0.27
petsafe,All / Petsafe,62,22,0.31
horse>wormers-and-insect-repellents,All / Horse / Wormers And Insect Repellents,61,25,0.29
credelio-plus,All / Credelio Plus,60,25,0.38
aristopet,All / Aristopet,60,32,0.49
bird>food>budgie-food,All / Bird / Food / Budgie Food,60,11,0.19
dog>food>hypoallergenic,All / Dog / Food / Hypoallergenic,59,16,0.25
cat>food>fancy-feast,All / Cat / Food / Fancy Feast,59,25,0.38
flexi,All / Flexi,59,28,0.36
dog>food>joint-problems,All / Dog / Food / Joint Problems,59,12,0.18
natures-gift,All / Natures Gift,58,19,0.33
schmackos,All / Schmackos,58,9,0.19
cat>health>dental-care,All / Cat / Health / Dental Care,58,23,0.34
small-pet>grooming,All / Small Pet / Grooming,57,14,0.23
cat>flea-and-worming>tablets,All / Cat / Flea And Worming / Tablets,57,32,0.46
dog>toys>rubber,All / Dog / Toys / Rubber,57,7,0.13
dog>flea-and-worming>puppy,All / Dog / Flea And Worming / Puppy,56,21,0.31
aussie-dog,All / Aussie Dog,56,36,0.55
dog>health>hemp,All / Dog / Health / Hemp,55,28,0.39
peckish,All / Peckish,55,6,0.14
farmers-market,All / Farmers Market,55,6,0.12
bird>perches-and-toys>hanging-toys,All / Bird / Perches And Toys / Hanging Toys,55,8,0.16
temptations,All / Temptations,54,6,0.1
tasty-bone,All / Tasty Bone,54,26,0.38
cat>health>joint-care,All / Cat / Health / Joint Care,54,26,0.54
gummi,All / Gummi,53,14,0.28
dog>grooming>nail-clippers,All / Dog / Grooming / Nail Clippers,53,23,0.38
bird>treats,All / Bird / Treats,52,14,0.21
dog>house-and-travel>carriers,All / Dog / House And Travel / Carriers,52,13,0.2
cen,All / Cen,52,13,0.23
dog>beds>calming,All / Dog / Beds / Calming,51,24,0.34
natural-animal-solutions,All / Natural Animal Solutions,51,37,0.56
cat>flea-and-worming>tapeworms,All / Cat / Flea And Worming / Tapeworms,51,20,0.33
dog>food>kidney-problems,All / Dog / Food / Kidney Problems,51,20,0.38
reptile>bedding-and-substrate,All / Reptile / Bedding And Substrate,51,11,0.21
bird>perches-and-toys>activity-toys,All / Bird / Perches And Toys / Activity Toys,51,13,0.23
dog>toys>fetch-toys,All / Dog / Toys / Fetch Toys,50,15,0.26
cat>toys>puzzles,All / Cat / Toys / Puzzles,50,35,0.43
bird>perches-and-toys>perches,All / Bird / Perches And Toys / Perches,49,27,0.36
friskies,All / Friskies,49,10,0.21
la-doggie-vita,All / La Doggie Vita,49,30,0.51
dog>collars-and-leads>gps-trackers,All / Dog / Collars And Leads / Gps Trackers,49,27,0.49
bird>perches-and-toys>foraging-toys,All / Bird / Perches And Toys / Foraging Toys,48,7,0.15
dog>health>omegas,All / Dog / Health / Omegas,47,29,0.56
trill,All / Trill,47,24,0.31
cat>trees-and-scratchers>scratchers,All / Cat / Trees And Scratchers / Scratchers,46,34,0.43
horse>grooming,All / Horse / Grooming,45,6,0.08
beco,All / Beco,45,16,0.3
pet-tek,All / Pet Tek,45,32,0.45
dog>house-and-travel>ramps-and-stairs,All / Dog / House And Travel / Ramps And Stairs,45,22,0.39
dog>feeding>elevated,All / Dog / Feeding / Elevated,45,13,0.3
zeal,All / Zeal,45,7,0.14
fluval,All / Fluval,45,15,0.24
natures-miracle,All / Natures Miracle,45,15,0.29
cat>food>kidney-problems,All / Cat / Food / Kidney Problems,44,3,0.09
cat>toys>tunnels,All / Cat / Toys / Tunnels,44,24,0.42
dog>beds>blankets,All / Dog / Beds / Blankets,44,16,0.21
dermcare,All / Dermcare,43,15,0.35
dog>collars-and-leads>harnesses,All / Dog / Collars And Leads / Harnesses,43,16,0.29
dog>food>senior,All / Dog / Food / Senior,43,18,0.26
nina-ottosson,All / Nina Ottosson,43,22,0.38
stockman-and-paddock,All / Stockman And Paddock,42,16,0.36
go-cat,All / Go Cat,42,22,0.5
burgess,All / Burgess,42,11,0.23
rosewood,All / Rosewood,42,14,0.3
cat>food>urinary-problems,All / Cat / Food / Urinary Problems,42,13,0.27
dog>health>glucosamine,All / Dog / Health / Glucosamine,41,16,0.31
dog>food>dry-or-itchy-skin,All / Dog / Food / Dry Or Itchy Skin,41,15,0.28
cat>flea-and-worming>all-in-one,All / Cat / Flea And Worming / All In One,40,36,0.67
melanie-newman-salon-essentials,All / Melanie Newman Salon Essentials,40,49,0.59
dog>health>green-lipped-mussel,All / Dog / Health / Green Lipped Mussel,40,19,0.37
dog>food>ivory-coat,All / Dog / Food / Ivory Coat,40,11,0.28
dog>grooming>coat-sprays,All / Dog / Grooming / Coat Sprays,40,23,0.36
cat>food>senior,All / Cat / Food / Senior,40,11,0.25
capstar,All / Capstar,40,18,0.38
horse>saddlery-and-accessories,All / Horse / Saddlery And Accessories,40,4,0.11
profender,All / Profender,40,25,0.63
dog>treats>greenies,All / Dog / Treats / Greenies,39,25,0.55
hikari,All / Hikari,39,12,0.29
natures-goodness,All / Natures Goodness,38,12,0.29
dog>health>wound-and-first-aid-care,All / Dog / Health / Wound And First Aid Care,38,24,0.46
cheerble,All / Cheerble,38,18,0.41
catlink,All / Catlink,37,11,0.29
kurgo,All / Kurgo,37,18,0.44
dog>beds>kazoo,All / Dog / Beds / Kazoo,37,11,0.32
dog>training-and-clean-up>clickers,All / Dog / Training And Clean Up / Clickers,37,6,0.19
dog>food>large,All / Dog / Food / Large,37,3,0.1
fidos,All / Fidos,37,10,0.18
tu-meke-friend,All / Tu Meke Friend,36,13,0.32
sure-feed,All / Sure Feed,36,11,0.26
scream,All / Scream,36,10,0.24
meat-mates,All / Meat Mates,36,4,0.1
cat>training-and-clean-up>stain-and-odour-removers,All / Cat / Training And Clean Up / Stain And Odour Removers,36,24,0.35
dog>flea-and-worming>capstar,All / Dog / Flea And Worming / Capstar,36,11,0.29
dog>collars-and-leads>car-restraints,All / Dog / Collars And Leads / Car Restraints,36,5,0.14
meals-for-meows,All / Meals For Meows,35,7,0.13
dog>collars-and-leads>glow-and-light-up,All / Dog / Collars And Leads / Glow And Light Up,35,15,0.4
reptile>feeding-accessories,All / Reptile / Feeding Accessories,35,10,0.22
cat>feeding>replacement-filters,All / Cat / Feeding / Replacement Filters,35,10,0.25
dog>food>open-farm,All / Dog / Food / Open Farm,35,17,0.34
supervite,All / Supervite,35,11,0.36
dog>food>hills-prescription-diet,All / Dog / Food / Hills Prescription Diet,34,22,0.52
cat>food>sensitive-stomach,All / Cat / Food / Sensitive Stomach,34,11,0.34
ruff-play,All / Ruff Play,34,19,0.36
sureflap,All / Sureflap,33,22,0.68
dog>training-and-clean-up>sprays,All / Dog / Training And Clean Up / Sprays,33,9,0.32
wombaroo,All / Wombaroo,32,9,0.28
small-pet,All / Small Pet,32,6,0.19
bird>bedding-and-nesting,All / Bird / Bedding And Nesting,32,6,0.17
bird>perches-and-toys>swing-toys,All / Bird / Perches And Toys / Swing Toys,32,4,0.1
outward-hound,All / Outward Hound,32,5,0.18
ts-pet-products,All / Ts Pet Products,32,7,0.33
dog>feeding>lick-mats,All / Dog / Feeding / Lick Mats,32,9,0.26
cat>house-and-travel>doors,All / Cat / House And Travel / Doors,32,8,0.17
horse>stable-supplies,All / Horse / Stable Supplies,32,1,0.03
arm-and-hammer,All / Arm And Hammer,32,12,0.44
dog>feeding>slow-feeders,All / Dog / Feeding / Slow Feeders,32,23,0.35
cat>grooming>wipes,All / Cat / Grooming / Wipes,32,22,0.48
cat>collars-and-leads>gps-trackers,All / Cat / Collars And Leads / Gps Trackers,31,16,0.48
barastoc,All / Barastoc,31,6,0.19
dog>clothes>coats,All / Dog / Clothes / Coats,31,8,0.22
catlux,All / Catlux,31,5,0.19
small-pet>food>rabbit-food,All / Small Pet / Food / Rabbit Food,31,13,0.32
cat>beds>cooling,All / Cat / Beds / Cooling,31,3,0.1
dog>beds>orthopaedic,All / Dog / Beds / Orthopaedic,31,9,0.25
dog>flea-and-worming>heartgard,All / Dog / Flea And Worming / Heartgard,31,11,0.37
cat>food>overweight,All / Cat / Food / Overweight,31,12,0.29
dog>toys>chew-toys,All / Dog / Toys / Chew Toys,30,13,0.25
pooch-treats,All / Pooch Treats,30,5,0.11
gigwi,All / Gigwi,30,1,0.03
dog-rocks,All / Dog Rocks,30,10,0.34
dog>collars-and-leads>hands-free-leads,All / Dog / Collars And Leads / Hands Free Leads,30,20,0.57
dog>feeding>water-bottles,All / Dog / Feeding / Water Bottles,30,23,0.57
dog>health>dry-or-itchy-skin,All / Dog / Health / Dry Or Itchy Skin,30,16,0.37
tuffy,All / Tuffy,30,10,0.23
dog>food>small,All / Dog / Food / Small,30,11,0.26
heartgard,All / Heartgard,29,5,0.19
cat>treats>dental-treats,All / Cat / Treats / Dental Treats,29,5,0.15
cat>food>hills-prescription-diet,All / Cat / Food / Hills Prescription Diet,29,5,0.18
cat>beds>heating,All / Cat / Beds / Heating,29,7,0.27
dog>flea-and-worming>tick-collars,All / Dog / Flea And Worming / Tick Collars,29,9,0.27
cat>toys>soft-toys,All / Cat / Toys / Soft Toys,29,15,0.25
cat>food>advance,All / Cat / Food / Advance,29,7,0.22
pawfect-pals,All / Pawfect Pals,28,8,0.27
dog>grooming>scissors,All / Dog / Grooming / Scissors,28,7,0.27
cat>toys>teasers,All / Cat / Toys / Teasers,28,5,0.28
dog>clothes>life-jackets,All / Dog / Clothes / Life Jackets,28,13,0.42
dog>beds>outdoors,All / Dog / Beds / Outdoors,27,16,0.42
seachem,All / Seachem,27,18,0.33
cat>litter-and-accessories>clay,All / Cat / Litter And Accessories / Clay,27,11,0.32
cat>flea-and-worming>revolution,All / Cat / Flea And Worming / Revolution,27,13,0.43
dog>clothes>cooling-vests,All / Dog / Clothes / Cooling Vests,26,19,0.55
mog-and-bone,All / Mog And Bone,26,13,0.4
homeopet,All / Homeopet,26,13,0.44
dog>treats>anxiety,All / Dog / Treats / Anxiety,26,9,0.29
reptile>heating-and-lighting>uv-lights,All / Reptile / Heating And Lighting / Uv Lights,26,3,0.11
dog>training-and-clean-up>training-aids,All / Dog / Training And Clean Up / Training Aids,26,7,0.32
dog>collars-and-leads>retractable,All / Dog / Collars And Leads / Retractable,26,11,0.39
dog>health>first-aid-kits,All / Dog / Health / First Aid Kits,26,3,0.1
reptile>health,All / Reptile / Health,26,16,0.36
horse>toys,All / Horse / Toys,26,3,0.12
fish>filters-and-media>filters,All / Fish / Filters And Media / Filters,26,17,0.43
dog>flea-and-worming>advocate,All / Dog / Flea And Worming / Advocate,26,11,0.33
api,All / Api,25,7,0.24
dog>toys>puzzles,All / Dog / Toys / Puzzles,25,13,0.29
dog>toys>rope-toys,All / Dog / Toys / Rope Toys,25,9,0.08
urine-off,All / Urine Off,25,10,0.42
cat>toys>catnip,All / Cat / Toys / Catnip,25,11,0.35
poowee,All / Poowee,25,11,0.41
dog>flea-and-worming>advantage,All / Dog / Flea And Worming / Advantage,25,16,0.53
carefresh,All / Carefresh,25,6,0.25
playology,All / Playology,25,14,0.6
dog>clothes>coats-and-jumpers,All / Dog / Clothes / Coats And Jumpers,25,10,0.26
blackdog-wear,All / Blackdog Wear,25,12,0.42
bark,All / Bark,24,10,0.27
cat>litter-and-accessories>flushable,All / Cat / Litter And Accessories / Flushable,24,5,0.23
dog>flea-and-worming>chews,All / Dog / Flea And Worming / Chews,24,6,0.25
dog>health>sunscreens,All / Dog / Health / Sunscreens,24,5,0.17
endogard,All / Endogard,24,14,0.56
neovela,All / Neovela,24,18,0.68
horse>food>horse-feed,All / Horse / Food / Horse Feed,23,6,0.23
small-pet>harnesses-and-leads,All / Small Pet / Harnesses And Leads,23,8,0.29
bird>perches-and-toys>bird-gyms,All / Bird / Perches And Toys / Bird Gyms,23,4,0.18
petkin,All / Petkin,23,6,0.24
dog>food>taste-of-the-wild,All / Dog / Food / Taste Of The Wild,23,10,0.29
cat>health>water-additives,All / Cat / Health / Water Additives,22,8,0.37
afl,All / Afl,22,9,0.25
cat>food>open-farm,All / Cat / Food / Open Farm,22,6,0.33
dog>toys>squeaky,All / Dog / Toys / Squeaky,22,4,0.18
dog>food>ziwi,All / Dog / Food / Ziwi,22,4,0.19
dog>treats>cakes-and-lollies,All / Dog / Treats / Cakes And Lollies,22,5,0.25
fish>tanks-and-aquariums>starter-kits,All / Fish / Tanks And Aquariums / Starter Kits,22,2,0.1
cature,All / Cature,22,9,0.32
cat>food>dine,All / Cat / Food / Dine,22,10,0.35
cat>grooming>nail-clippers,All / Cat / Grooming / Nail Clippers,22,6,0.25
dog>beds>giant,All / Dog / Beds / Giant,22,10,0.24
dog>clothes>jumpers,All / Dog / Clothes / Jumpers,22,3,0.15
thundershirt,All / Thundershirt,22,12,0.6
cat>food>hills-science-diet,All / Cat / Food / Hills Science Diet,22,6,0.21
cherish,All / Cherish,21,8,0.41
pet-loo,All / Pet Loo,21,5,0.28
cat>treats>training-treats,All / Cat / Treats / Training Treats,21,7,0.16
sporn,All / Sporn,21,10,0.42
dog>toys>water-toys,All / Dog / Toys / Water Toys,21,7,0.38
cat>treats>greenies,All / Cat / Treats / Greenies,21,4,0.21
the-new-zealand-natural,All / The New Zealand Natural,21,4,0.2
cats-best,All / Cats Best,21,6,0.33
dog>health>zylkene,All / Dog / Health / Zylkene,21,14,0.61
dog>collars-and-leads>martingale-collars,All / Dog / Collars And Leads / Martingale Collars,21,7,0.35
dog>clothes>pyjamas,All / Dog / Clothes / Pyjamas,21,12,0.63
cat>health>skin-care,All / Cat / Health / Skin Care,20,9,0.38
cat>beds>hideaways,All / Cat / Beds / Hideaways,20,19,0.47
petcube,All / Petcube,20,8,0.44
cat>flea-and-worming>intestinal-worms,All / Cat / Flea And Worming / Intestinal Worms,20,12,0.43
kit-cat,All / Kit Cat,20,4,0.25
small-pet>food>guinea-pig-food,All / Small Pet / Food / Guinea Pig Food,20,4,0.2
dog>food>urinary-problems,All / Dog / Food / Urinary Problems,20,3,0.16
cat>treats>freeze-and-air-dried,All / Cat / Treats / Freeze And Air Dried,20,4,0.24
dog>house-and-travel>doors,All / Dog / House And Travel / Doors,20,6,0.28
vetreska,All / Vetreska,20,8,0.39
cat>food>hairballs,All / Cat / Food / Hairballs,20,7,0.3
pet-drs,All / Pet Drs,19,3,0.17
tidbits,All / Tidbits,19,9,0.46
back-2-nature,All / Back 2 Nature,19,2,0.15
vets-best,All / Vets Best,19,5,0.25
reptile>clean-up,All / Reptile / Clean Up,19,2,0.12
dog>toys>nina-ottosson,All / Dog / Toys / Nina Ottosson,19,9,0.43
cat>toys>tech-toys,All / Cat / Toys / Tech Toys,19,3,0.19
petosan,All / Petosan,19,10,0.41
cat>food>dental-health,All / Cat / Food / Dental Health,19,6,0.33
rose-hip-vital,All / Rose Hip Vital,18,6,0.33
horse>hoof-care,All / Horse / Hoof Care,18,4,0.25
dogness,All / Dogness,18,4,0.27
tetra,All / Tetra,18,1,0.06
bird>bedding-and-clean-up,All / Bird / Bedding And Clean Up,18,5,0.28
horse>treats,All / Horse / Treats,18,3,0.19
birdie,All / Birdie,18,2,0.12
cat>grooming>shampoo-and-conditioner,All / Cat / Grooming / Shampoo And Conditioner,18,12,0.31
dog>training-and-clean-up>poop-bags-and-scoops,All / Dog / Training And Clean Up / Poop Bags And Scoops,17,4,0.24
better-bundles,All / Better Bundles,17,8,0.5
troy,All / Troy,17,4,0.29
fuzzyard-life,All / Fuzzyard Life,17,10,0.47
small-pet>food>hay,All / Small Pet / Food / Hay,17,12,0.4
hygain,All / Hygain,17,2,0.08
cat>house-and-travel>ramps-and-stairs,All / Cat / House And Travel / Ramps And Stairs,17,4,0.25
vetnex,All / Vetnex,17,9,0.5
pioneer,All / Pioneer,17,10,0.71
dog>food>anxiety,All / Dog / Food / Anxiety,17,14,0.56
eheim,All / Eheim,17,8,0.5
dog>flea-and-worming>sprays,All / Dog / Flea And Worming / Sprays,17,5,0.27
yeowww,All / Yeowww,17,8,0.38
cat>food>meal-toppers,All / Cat / Food / Meal Toppers,16,4,0.13
prozym,All / Prozym,16,7,0.47
charlies,All / Charlies,16,3,0.23
pupstyle,All / Pupstyle,16,5,0.33
scrunch-and-sticks,All / Scrunch And Sticks,16,3,0.21
enabot,All / Enabot,16,10,0.73
dog>grooming>skin-care,All / Dog / Grooming / Skin Care,16,5,0.29
m-pets,All / M Pets,16,4,0.29
nerf,All / Nerf,16,2,0.13
credelio,All / Credelio,16,5,0.27
halti-training,All / Halti Training,16,12,0.67
dog>flea-and-worming>spot-ons,All / Dog / Flea And Worming / Spot Ons,16,4,0.27
feline-first,All / Feline First,15,7,0.38
bird>food>grit,All / Bird / Food / Grit,15,0,0
cat>toys>lasers,All / Cat / Toys / Lasers,15,9,0.54
dog>toys>snuffle-mats,All / Dog / Toys / Snuffle Mats,15,3,0.21
dog>flea-and-worming>interceptor,All / Dog / Flea And Worming / Interceptor,15,13,0.92
dog>treats>bad-breath,All / Dog / Treats / Bad Breath,15,7,0.33
bird>cages-and-accessories>cages,All / Bird / Cages And Accessories / Cages,15,5,0.31
the-pet-project,All / The Pet Project,15,5,0.3
petstages,All / Petstages,15,8,0.46
dog>food>optimum,All / Dog / Food / Optimum,15,2,0.14
dog>health>inflammation,All / Dog / Health / Inflammation,15,6,0.29
cat>health>ear-care,All / Cat / Health / Ear Care,15,6,0.29
dog>clothes>sun-protection,All / Dog / Clothes / Sun Protection,15,11,0.58
dog>health>paw-balm,All / Dog / Health / Paw Balm,14,4,0.33
houndztooth,All / Houndztooth,14,9,0.5
dog>clothes>anxiety,All / Dog / Clothes / Anxiety,14,3,0.25
small-pet>cages-and-accessories>playpens,All / Small Pet / Cages And Accessories / Playpens,14,2,0.15
healthy-everyday-pets,All / Healthy Everyday Pets,14,1,0.07
cat>grooming>clippers,All / Cat / Grooming / Clippers,14,6,0.23
cat>food>optimum,All / Cat / Food / Optimum,14,2,0.15
cat>collars-and-leads>collars,All / Cat / Collars And Leads / Collars,14,7,0.31
palmers,All / Palmers,14,12,0.67
cat>beds>elevated-beds,All / Cat / Beds / Elevated Beds,13,6,0.42
horse>health>supplements,All / Horse / Health / Supplements,13,4,0.22
fish>food>koi-and-pond-fish-food,All / Fish / Food / Koi And Pond Fish Food,13,11,0.56
dog>treats>bundle-boxes,All / Dog / Treats / Bundle Boxes,13,5,0.45
dog>clothes>rain-coats,All / Dog / Clothes / Rain Coats,13,8,0.42
dog>collars-and-leads>red,All / Dog / Collars And Leads / Red,13,2,0.17
dog>collars-and-leads>id-tags,All / Dog / Collars And Leads / Id Tags,13,6,0.25
cat>collars-and-leads>harnesses,All / Cat / Collars And Leads / Harnesses,13,5,0.33
dog>treats>grain-free,All / Dog / Treats / Grain Free,13,3,0.11
cat>litter-and-accessories>corn,All / Cat / Litter And Accessories / Corn,13,5,0.33
dog>grooming>whitening,All / Dog / Grooming / Whitening,13,5,0.27
dog>collars-and-leads>pink,All / Dog / Collars And Leads / Pink,13,9,0.46
cat>food>applaws,All / Cat / Food / Applaws,13,2,0.2
peters,All / Peters,12,3,0.2
sodapup,All / Sodapup,12,0,0
cat>toys>treat-dispensing,All / Cat / Toys / Treat Dispensing,12,7,0.67
cat>litter-and-accessories>cats-best,All / Cat / Litter And Accessories / Cats Best,12,4,0.36
bird>food>finch-and-canary-food,All / Bird / Food / Finch And Canary Food,12,2,0.22
dog>food>my-dog,All / Dog / Food / My Dog,12,5,0.42
blue-planet,All / Blue Planet,12,2,0.25
andis,All / Andis,12,9,0.7
chandler,All / Chandler,12,5,0.36
anipal,All / Anipal,12,3,0.18
dog>food>vetalogica,All / Dog / Food / Vetalogica,12,6,0.56
dog>beds>heating,All / Dog / Beds / Heating,12,6,0.45
lucky-dog,All / Lucky Dog,11,3,0.33
huskimo,All / Huskimo,11,1,0.1
hartz,All / Hartz,11,0,0
pisces,All / Pisces,11,1,0.09
care-bears,All / Care Bears,11,3,0.14
ifetch,All / Ifetch,11,5,0.3
amazonia,All / Amazonia,11,2,0.2
cat>flea-and-worming>ticks,All / Cat / Flea And Worming / Ticks,11,3,0.27
cat>health>hemp,All / Cat / Health / Hemp,11,6,0.55
dog>grooming>colognes,All / Dog / Grooming / Colognes,11,1,0.09
cat>flea-and-worming>kitten,All / Cat / Flea And Worming / Kitten,11,4,0.17
dog>food>limited-ingredients,All / Dog / Food / Limited Ingredients,11,1,0.11
csi-urine,All / Csi Urine,11,4,0.36
cat>food>purina-one,All / Cat / Food / Purina One,11,5,0.45
canidae,All / Canidae,11,2,0.22
dog>toys>agility-toys,All / Dog / Toys / Agility Toys,11,3,0.27
vella,All / Vella,11,3,0.18
mimi-and-munch,All / Mimi And Munch,11,2,0.18
dog>beds>fuzzyard,All / Dog / Beds / Fuzzyard,11,3,0.14
dog>flea-and-worming>ticks,All / Dog / Flea And Worming / Ticks,10,4,0.2
hemp-pet,All / Hemp Pet,10,5,0.33
loving-pets,All / Loving Pets,10,5,0.5
wagalot,All / Wagalot,10,4,0.57
cat>food>black-hawk,All / Cat / Food / Black Hawk,10,1,0.1
rapigel,All / Rapigel,10,3,0.33
small-pet>beds>bedding-and-litter,All / Small Pet / Beds / Bedding And Litter,10,0,0
dog>treats>liver,All / Dog / Treats / Liver,10,4,0.3
reptile,All / Reptile,10,1,0.11
petsbelle,All / Petsbelle,10,5,0.43
dog>flea-and-worming>seresto,All / Dog / Flea And Worming / Seresto,10,3,0.22
bird>feeding-accessories>feeders,All / Bird / Feeding Accessories / Feeders,10,7,0.2
dog>collars-and-leads>blue,All / Dog / Collars And Leads / Blue,10,0,0
equimax,All / Equimax,10,6,0.5
dog>grooming>curry-brushes,All / Dog / Grooming / Curry Brushes,10,2,0.14
dog>food>savourlife,All / Dog / Food / Savourlife,10,4,0.33
fish>decorations>gravel-and-sand,All / Fish / Decorations / Gravel And Sand,10,4,0.43
catio,All / Catio,10,3,0.3
exo-terra,All / Exo Terra,10,3,0.43
dog>clothes>onesie,All / Dog / Clothes / Onesie,10,2,0.14
dog>food>instinctive-bite,All / Dog / Food / Instinctive Bite,10,6,0.5
dog>training-and-clean-up>hair-removers,All / Dog / Training And Clean Up / Hair Removers,10,0,0
the-catsentials,All / The Catsentials,10,3,0.3
jw-pet,All / Jw Pet,10,2,0.2
cuddly-paws,All / Cuddly Paws,10,6,0.86
cat>food>single-source-protein,All / Cat / Food / Single Source Protein,10,0,0
dog>grooming>slicker-brushes,All / Dog / Grooming / Slicker Brushes,10,8,0.44
acana,All / Acana,9,1,0.13
cat>health>wound-and-first-aid-care,All / Cat / Health / Wound And First Aid Care,9,11,0.56
huds-and-toke,All / Huds And Toke,9,5,0.67
small-pet>cages-and-accessories>hutches,All / Small Pet / Cages And Accessories / Hutches,9,0,0
reptile>heating-and-lighting>ceramic-and-heat-lamps,All / Reptile / Heating And Lighting / Ceramic And Heat Lamps,9,2,0.13
dog>collars-and-leads>rogz,All / Dog / Collars And Leads / Rogz,9,0,0
vitalitae,All / Vitalitae,9,2,0.25
dog>grooming>waterless,All / Dog / Grooming / Waterless,9,4,0.33
dog>treats>jerky,All / Dog / Treats / Jerky,9,0,0
canine-care,All / Canine Care,9,1,0.13
green-valley-grains,All / Green Valley Grains,9,5,0.57
joint-guard,All / Joint Guard,9,2,0.22
dog>treats>kong,All / Dog / Treats / Kong,9,5,0.63
dog>training-and-clean-up>earth-friendly,All / Dog / Training And Clean Up / Earth Friendly,9,6,0.63
dog>grooming>wahl,All / Dog / Grooming / Wahl,9,0,0
fish,All / Fish,9,0,0
small-pet>health>parasite-protection,All / Small Pet / Health / Parasite Protection,9,3,0.38
dog>grooming>tear-stain-removers,All / Dog / Grooming / Tear Stain Removers,9,5,0.67
dog>collars-and-leads>leather,All / Dog / Collars And Leads / Leather,9,2,0.29
dog>training-and-clean-up>household-cleaning-tools,All / Dog / Training And Clean Up / Household Cleaning Tools,9,5,0.71
dog>collars-and-leads>long-leads,All / Dog / Collars And Leads / Long Leads,9,0,0
cat>clothes,All / Cat / Clothes,9,2,0.22
fish>filters-and-media>filter-media,All / Fish / Filters And Media / Filter Media,9,2,0.33
supervite-gold-label,All / Supervite Gold Label,9,5,0.5
doggylicious,All / Doggylicious,9,1,0.13
fat-cat,All / Fat Cat,8,2,0.2
howl-yes,All / Howl Yes,8,3,0.43
aquadent,All / Aquadent,8,2,0.29
bird>food>lorikeet-food,All / Bird / Food / Lorikeet Food,8,4,0.57
small-pet>cages-and-accessories>cages,All / Small Pet / Cages And Accessories / Cages,8,3,0.25
compost-a-pak,All / Compost A Pak,8,1,0.14
dog>food>food-supplements,All / Dog / Food / Food Supplements,8,2,0.2
bioscape,All / Bioscape,8,3,0.38
dog>flea-and-worming>endogard,All / Dog / Flea And Worming / Endogard,8,9,0.71
small-pet>grooming>brushes-and-combs,All / Small Pet / Grooming / Brushes And Combs,8,2,0.25
bird>food>peckish,All / Bird / Food / Peckish,8,1,0.2
pro-plan-veterinary-supplements,All / Pro Plan Veterinary Supplements,8,2,0.25
dog>flea-and-worming>giant,All / Dog / Flea And Worming / Giant,8,2,0.25
horse,All / Horse,8,1,0.14
smarty-pear,All / Smarty Pear,8,2,0.33
marina,All / Marina,8,2,0.14
dog>training-and-clean-up>poop-scoops,All / Dog / Training And Clean Up / Poop Scoops,8,4,0.57
coprice,All / Coprice,8,0,0
sashas-blend,All / Sashas Blend,8,0,0
recharge,All / Recharge,8,1,0.13
science-selective,All / Science Selective,8,2,0.29
all-fur-you,All / All Fur You,8,4,0.5
fish>decorations>ornaments,All / Fish / Decorations / Ornaments,8,3,0.29
horse>health>digestive-care,All / Horse / Health / Digestive Care,8,2,0.5
equinade,All / Equinade,8,2,0.33
petoneer,All / Petoneer,8,1,0.13
cat>food>hypoallergenic,All / Cat / Food / Hypoallergenic,8,1,0.14
dog>health>toothbrushes,All / Dog / Health / Toothbrushes,8,4,0.5
vetsense,All / Vetsense,7,0,0
dog>beds>pink,All / Dog / Beds / Pink,7,3,0.29
dog>grooming>pin-brushes,All / Dog / Grooming / Pin Brushes,7,0,0
dog>flea-and-worming>oral-liquids,All / Dog / Flea And Worming / Oral Liquids,7,1,0.17
pakeway,All / Pakeway,7,3,0.5
ker,All / Ker,7,4,0.75
dog-gone-smart,All / Dog Gone Smart,7,5,0.5
horse>wormers-and-insect-repellents>wormers,All / Horse / Wormers And Insect Repellents / Wormers,7,1,0.17
daily-dog,All / Daily Dog,7,5,0.43
fish>food>tropical-fish-food,All / Fish / Food / Tropical Fish Food,7,0,0
dog>grooming>rakes,All / Dog / Grooming / Rakes,7,1,0.17
dog>toys>senior,All / Dog / Toys / Senior,7,1,0.14
blackcat,All / Blackcat,7,2,0.29
dog>health>eye-care,All / Dog / Health / Eye Care,7,0,0
ranvet,All / Ranvet,7,1,0.14
tractive,All / Tractive,7,4,0.57
dog>health>sensitive-stomach,All / Dog / Health / Sensitive Stomach,7,2,0.33
reptile>bedding-and-substrate>gravel-and-sand,All / Reptile / Bedding And Substrate / Gravel And Sand,7,2,0.29
dog>clothes>small,All / Dog / Clothes / Small,7,2,0.2
cat>toys>scratchers,All / Cat / Toys / Scratchers,7,3,0.4
cat>food>fresh-food,All / Cat / Food / Fresh Food,7,0,0
fish>food>cichlid-food,All / Fish / Food / Cichlid Food,7,2,0.29
dog>grooming>combs,All / Dog / Grooming / Combs,7,3,0.5
dog>collars-and-leads>double-leads,All / Dog / Collars And Leads / Double Leads,7,0,0
tofu-cat-litter-australia,All / Tofu Cat Litter Australia,7,4,0.57
dog>treats>sensitive-stomach,All / Dog / Treats / Sensitive Stomach,7,0,0
dog>toys>frisbees,All / Dog / Toys / Frisbees,7,3,0.75
dog>beds>hideaways,All / Dog / Beds / Hideaways,6,4,0.4
evicto,All / Evicto,6,3,0.6
dog>food>organic,All / Dog / Food / Organic,6,2,0.33
dog>house-and-travel>backpacks,All / Dog / House And Travel / Backpacks,6,3,0.5
reptile>filters-and-media,All / Reptile / Filters And Media,6,1,0.17
zeez,All / Zeez,6,1,0.17
bird>treats>other-treats,All / Bird / Treats / Other Treats,6,3,0.25
dog>toys>zippypaws,All / Dog / Toys / Zippypaws,6,2,0.2
cat>food>ziwi,All / Cat / Food / Ziwi,6,0,0
cazitel,All / Cazitel,6,4,0.6
ibiyaya,All / Ibiyaya,6,3,0.4
jackson-galaxy,All / Jackson Galaxy,6,1,0.17
procare,All / Procare,6,1,0.2
cat>treats>kitten,All / Cat / Treats / Kitten,6,3,0.5
cat>training-and-clean-up>clickers,All / Cat / Training And Clean Up / Clickers,6,2,0.25
cat>food>sensitive-skin,All / Cat / Food / Sensitive Skin,6,1,0.17
fringe-studio,All / Fringe Studio,6,1,0.17
chum,All / Chum,6,3,0.4
cat>treats>bundle-boxes,All / Cat / Treats / Bundle Boxes,6,7,1
fish>tanks-and-aquariums>breeding-boxes,All / Fish / Tanks And Aquariums / Breeding Boxes,6,3,0.5
dog>beds>sofa-bed,All / Dog / Beds / Sofa Bed,6,0,0
dog>clothes>bandanas,All / Dog / Clothes / Bandanas,6,1,0.17
dog>grooming>towels,All / Dog / Grooming / Towels,6,1,0.17
dog>food>liver-problems,All / Dog / Food / Liver Problems,5,2,0.33
company-of-animals-training,All / Company Of Animals Training,5,3,0.33
cat>toys>snuffle-mats,All / Cat / Toys / Snuffle Mats,5,2,0.5
dog>collars-and-leads>head-collars,All / Dog / Collars And Leads / Head Collars,5,2,0.25
dog>treats>liquid-and-paste-treats,All / Dog / Treats / Liquid And Paste Treats,5,1,0.2
dog>grooming>electric-clippers,All / Dog / Grooming / Electric Clippers,5,1,0.2
dog>clothes>bowties,All / Dog / Clothes / Bowties,5,0,0
dog>treats>yoghurt,All / Dog / Treats / Yoghurt,5,0,0
style-it,All / Style It,5,2,0.4
dog>grooming>soap-bars,All / Dog / Grooming / Soap Bars,5,1,0.25
dog>training-and-clean-up>muzzles,All / Dog / Training And Clean Up / Muzzles,5,4,1
cat>feeding>slow-feeders,All / Cat / Feeding / Slow Feeders,5,2,0.5
small-pet>feeding-accessories>bowls,All / Small Pet / Feeding Accessories / Bowls,5,0,0
reptile>food>turtle-food,All / Reptile / Food / Turtle Food,5,1,0.25
dog>beds>waterproof,All / Dog / Beds / Waterproof,5,3,0.4
dog>health>water-additives,All / Dog / Health / Water Additives,5,0,0
equimec,All / Equimec,5,3,1
cat>feeding>food-storage,All / Cat / Feeding / Food Storage,5,0,0
bird>food>vetafarm,All / Bird / Food / Vetafarm,5,2,0.2
cat>litter-and-accessories>scoops,All / Cat / Litter And Accessories / Scoops,5,0,0
fish>pumps>air-pumps,All / Fish / Pumps / Air Pumps,5,5,0.75
bird>health-and-grooming>mites-and-lice,All / Bird / Health And Grooming / Mites And Lice,5,5,0.8
sticky-paws,All / Sticky Paws,5,1,0.25
cat>flea-and-worming>profender,All / Cat / Flea And Worming / Profender,5,3,0.6
fish>water-care>test-kits,All / Fish / Water Care / Test Kits,5,2,0.4
kitty-caps,All / Kitty Caps,5,3,0.5
dog>health>toothpastes,All / Dog / Health / Toothpastes,5,0,0
bird>feeding-accessories>bowls,All / Bird / Feeding Accessories / Bowls,5,2,0.5
cat>health>urinary-care,All / Cat / Health / Urinary Care,5,3,0.6
dog>toys>treat-dispensing,All / Dog / Toys / Treat Dispensing,5,1,0.25
living-world,All / Living World,5,0,0
dog>health>urinary-care,All / Dog / Health / Urinary Care,5,5,1
horse>stable-supplies>disinfectants-and-cleaners,All / Horse / Stable Supplies / Disinfectants And Cleaners,5,2,0.4
laucke,All / Laucke,5,1,0.2
biosilk,All / Biosilk,5,3,0.6
dog>feeding>non-slip,All / Dog / Feeding / Non Slip,5,3,0.75
fish>food>betta-food,All / Fish / Food / Betta Food,5,4,0.67
cat>beds>outdoors,All / Cat / Beds / Outdoors,5,3,0.33
horse>toys>horse-balls,All / Horse / Toys / Horse Balls,5,5,0.67
plutos,All / Plutos,5,3,0.2
fish>food>other-fish-food,All / Fish / Food / Other Fish Food,5,3,0.67
bird>health-and-grooming>health-supplements,All / Bird / Health And Grooming / Health Supplements,4,2,0.25
cat>flea-and-worming>sprays,All / Cat / Flea And Worming / Sprays,4,0,0
dog>grooming>detangling,All / Dog / Grooming / Detangling,4,3,0.5
dog>grooming>furminator,All / Dog / Grooming / Furminator,4,1,0.25
dog>toys>nylon,All / Dog / Toys / Nylon,4,1,0.33
reptile>tanks-and-terrariums>temporary-enclosures,All / Reptile / Tanks And Terrariums / Temporary Enclosures,4,0,0
catpro-plus,All / Catpro Plus,4,2,0.67
cat>training-and-clean-up>sprays,All / Cat / Training And Clean Up / Sprays,4,0,0
zippyclaws,All / Zippyclaws,4,2,0.5
starmark,All / Starmark,4,0,0
fish>food>pellets,All / Fish / Food / Pellets,4,1,0.25
dog>food>eukanuba,All / Dog / Food / Eukanuba,4,1,0.33
fish>cleaning-and-maintenance>vacuums,All / Fish / Cleaning And Maintenance / Vacuums,4,2,0.5
dog>collars-and-leads>company-of-animals,All / Dog / Collars And Leads / Company Of Animals,4,1,0.25
cat>litter-and-accessories>catsan,All / Cat / Litter And Accessories / Catsan,4,1,0.25
bird>health-and-grooming>wormers,All / Bird / Health And Grooming / Wormers,4,2,0.67
cat>food>vetalogica,All / Cat / Food / Vetalogica,4,3,0.5
small-pet>treats>nibblers,All / Small Pet / Treats / Nibblers,4,3,0.5
dog>beds>medium,All / Dog / Beds / Medium,4,1,0.25
kohnkes-own,All / Kohnkes Own,4,1,0.25
chipsi,All / Chipsi,4,1,0.25
dogit,All / Dogit,4,0,0
cat>beds>blankets,All / Cat / Beds / Blankets,4,1,0.25
carsafe,All / Carsafe,4,2,0.67
cat>house-and-travel>backpacks,All / Cat / House And Travel / Backpacks,4,5,0.75
reptile>habitats-and-habitat-accessories>ornaments,All / Reptile / Habitats And Habitat Accessories / Ornaments,4,0,0
cat>treats>jerky,All / Cat / Treats / Jerky,4,2,0.67
dog>treats>overweight,All / Dog / Treats / Overweight,4,3,0.75
wagtime,All / Wagtime,4,0,0
cat>beds>bolster-beds,All / Cat / Beds / Bolster Beds,4,1,0.25
mini-hemp,All / Mini Hemp,4,3,0.75
cat>flea-and-worming>heartworms,All / Cat / Flea And Worming / Heartworms,4,1,0.25
fish>food>hikari,All / Fish / Food / Hikari,4,1,0.25
jw-insight,All / Jw Insight,4,1,0.5
dog>health>electrolytes,All / Dog / Health / Electrolytes,4,1,0.33
dog>health>bad-breath,All / Dog / Health / Bad Breath,4,0,0
cat>food>anxiety,All / Cat / Food / Anxiety,4,1,0.33
out,All / Out,4,1,0.33
dog>grooming>gloves,All / Dog / Grooming / Gloves,4,0,0
cat>grooming>slicker-brushes,All / Cat / Grooming / Slicker Brushes,4,0,0
wags-and-wiggles,All / Wags And Wiggles,4,0,0
small-pet>feeding-accessories>bottles,All / Small Pet / Feeding Accessories / Bottles,4,1,0.25
bird>food>duck-food,All / Bird / Food / Duck Food,3,1,0.33
moboli,All / Moboli,3,0,0
cat>collars-and-leads>id-tags,All / Cat / Collars And Leads / Id Tags,3,1,0.33
dog>treats>tidbits,All / Dog / Treats / Tidbits,3,3,1
dogspace,All / Dogspace,3,2,0.33
bird>bedding-and-nesting>bedding-and-litter,All / Bird / Bedding And Nesting / Bedding And Litter,3,0,0
kleo,All / Kleo,3,0,0
cat>toys>chew-toys,All / Cat / Toys / Chew Toys,3,0,0
horse>health>joint-care,All / Horse / Health / Joint Care,3,0,0
cat>food>small,All / Cat / Food / Small,3,0,0
dog>toys>giant,All / Dog / Toys / Giant,3,3,0.5
mavlab,All / Mavlab,3,1,0.33
dog>house-and-travel>furniture-protectors,All / Dog / House And Travel / Furniture Protectors,3,1,0.5
fish>water-care>algaecides-and-water-clarity,All / Fish / Water Care / Algaecides And Water Clarity,3,1,0.33
fish>decorations>artificial-plants,All / Fish / Decorations / Artificial Plants,3,5,1
reptile>health>treatments,All / Reptile / Health / Treatments,3,0,0
bird>feeding-accessories>other-feeding-accessories,All / Bird / Feeding Accessories / Other Feeding Accessories,3,0,0
dog>treats>carob,All / Dog / Treats / Carob,3,1,0.33
dog>feeding>automatic-feeders,All / Dog / Feeding / Automatic Feeders,3,1,0.33
dog>treats>savourlife,All / Dog / Treats / Savourlife,3,0,0
cat>toys>balls,All / Cat / Toys / Balls,3,0,0
kelato,All / Kelato,3,1,0.33
dog>clothes>costumes,All / Dog / Clothes / Costumes,3,1,0.33
fish>heating-and-lighting>heaters,All / Fish / Heating And Lighting / Heaters,3,3,1
fish>water-care>water-conditioners-and-additives,All / Fish / Water Care / Water Conditioners And Additives,3,2,0.33
fish>cleaning-and-maintenance>magnets,All / Fish / Cleaning And Maintenance / Magnets,3,0,0
earthz-pet,All / Earthz Pet,3,1,0.33
bird>cages-and-accessories>hideaways-and-hammocks,All / Bird / Cages And Accessories / Hideaways And Hammocks,3,1,0.33
catnets,All / Catnets,3,3,1
dog>treats>fish-flavour,All / Dog / Treats / Fish Flavour,3,3,0.33
dog>toys>paws-for-life,All / Dog / Toys / Paws For Life,3,0,0
fish>heating-and-lighting>thermometers,All / Fish / Heating And Lighting / Thermometers,3,0,0
small-pet>grooming>shampoo-and-conditioner,All / Small Pet / Grooming / Shampoo And Conditioner,3,0,0
horse>health>medical-supplies,All / Horse / Health / Medical Supplies,3,2,0.67
bird>food>other-bird-food,All / Bird / Food / Other Bird Food,3,1,0.5
tick-twister,All / Tick Twister,3,2,0.67
cat>flea-and-worming>spot-ons,All / Cat / Flea And Worming / Spot Ons,3,0,0
small-pet>food>rat-and-mouse-food,All / Small Pet / Food / Rat And Mouse Food,3,0,0
reptile>habitats-and-habitat-accessories>caves-and-hides,All / Reptile / Habitats And Habitat Accessories / Caves And Hides,2,1,0.5
dog>clothes>jackets,All / Dog / Clothes / Jackets,2,0,0
petrack,All / Petrack,2,1,0.5
small-pet>cages-and-accessories>corner-toilets-and-trays,All / Small Pet / Cages And Accessories / Corner Toilets And Trays,2,0,0
havapet,All / Havapet,2,0,0
charming-pet,All / Charming Pet,2,0,0
dog>toys>overweight,All / Dog / Toys / Overweight,2,0,0
reptile>health>health-supplements,All / Reptile / Health / Health Supplements,2,1,0.5
dog>collars-and-leads>orange,All / Dog / Collars And Leads / Orange,2,1,0.5
dog>grooming>blades,All / Dog / Grooming / Blades,2,0,0
dog>technology>cameras,All / Dog / Technology / Cameras,2,1,0.5
horse>hoof-care>hoof-supplements-and-care,All / Horse / Hoof Care / Hoof Supplements And Care,2,1,0.5
troopets,All / Troopets,2,0,0
cat>treats>liver,All / Cat / Treats / Liver,2,0,0
cat>beds>cushions-and-mats,All / Cat / Beds / Cushions And Mats,2,0,0
fish>cleaning-and-maintenance>skimmers,All / Fish / Cleaning And Maintenance / Skimmers,2,0,0
united-pets,All / United Pets,2,0,0
piss-off,All / Piss Off,2,0,0
dog>health>sprays,All / Dog / Health / Sprays,2,1,1
small-pet>grooming>nail-care,All / Small Pet / Grooming / Nail Care,2,0,0
dog>treats>vitapet,All / Dog / Treats / Vitapet,2,1,0.5
reptile>habitats-and-habitat-accessories>backgrounds,All / Reptile / Habitats And Habitat Accessories / Backgrounds,2,0,0
cat>litter-and-accessories>covered,All / Cat / Litter And Accessories / Covered,2,2,1
reptile>food>bearded-dragon-food,All / Reptile / Food / Bearded Dragon Food,2,1,0.5
cat>food>bad-breath,All / Cat / Food / Bad Breath,2,1,0.5
reptile>feeding-accessories>bowls,All / Reptile / Feeding Accessories / Bowls,2,1,0.5
lulu-and-boo,All / Lulu And Boo,2,1,0.5
cat>feeding>water-bowls,All / Cat / Feeding / Water Bowls,2,0,0
horse>grooming>shampoo-and-conditioner,All / Horse / Grooming / Shampoo And Conditioner,2,0,0
cat>collars-and-leads>bowties,All / Cat / Collars And Leads / Bowties,2,4,0.5
nectar-of-the-dogs,All / Nectar Of The Dogs,2,0,0
baskerville,All / Baskerville,2,0,0
fish>health>bacteria-and-fungal-treatments,All / Fish / Health / Bacteria And Fungal Treatments,2,1,0.5
dog>litter-and-accessories>toilets,All / Dog / Litter And Accessories / Toilets,2,0,0
crooked-lane-harvest,All / Crooked Lane Harvest,2,1,0.5
supercoat-true-origin,All / Supercoat True Origin,2,1,0.5
dog>treats>australian-made,All / Dog / Treats / Australian Made,2,0,0
dog>feeding>double-bowls,All / Dog / Feeding / Double Bowls,2,0,0
industrial-dog,All / Industrial Dog,2,0,0
cat>food>milk-and-milk-replacers,All / Cat / Food / Milk And Milk Replacers,2,1,0.5
bird>health-and-grooming>treatments,All / Bird / Health And Grooming / Treatments,2,0,0
dog>treats>black-hawk,All / Dog / Treats / Black Hawk,2,0,0
dog>health>tablets,All / Dog / Health / Tablets,2,0,0
country-heritage,All / Country Heritage,2,0,0
bird>health-and-grooming>baths,All / Bird / Health And Grooming / Baths,2,0,0
cat>training-and-clean-up>hair-removers,All / Cat / Training And Clean Up / Hair Removers,2,0,0
dog>food>golden-retriever,All / Dog / Food / Golden Retriever,2,2,1
cat>flea-and-worming>advantage,All / Cat / Flea And Worming / Advantage,2,1,0.5
dog>collars-and-leads>purple,All / Dog / Collars And Leads / Purple,2,0,0
dog>clothes>anxiety-vests,All / Dog / Clothes / Anxiety Vests,2,1,0.5
dog>food>balanced-life,All / Dog / Food / Balanced Life,2,0,0
mr-fothergills,All / Mr Fothergills,2,0,0
small-pet>feeding-accessories>mangers-and-baskets,All / Small Pet / Feeding Accessories / Mangers And Baskets,2,0,0
bird>feeding-accessories>outdoor-feeders,All / Bird / Feeding Accessories / Outdoor Feeders,2,1,0.5
dog>food>orijen,All / Dog / Food / Orijen,2,1,1
thunder-wunder,All / Thunder Wunder,2,1,0.5
cat>litter-and-accessories>deodorisers,All / Cat / Litter And Accessories / Deodorisers,2,0,0
dog>health>paw-blackmores,All / Dog / Health / Paw Blackmores,1,1,1
dog>clothes>shirts,All / Dog / Clothes / Shirts,1,0,0
reptile>habitats-and-habitat-accessories>platforms-and-docks,All / Reptile / Habitats And Habitat Accessories / Platforms And Docks,1,4,1
fish>cleaning-and-maintenance>nets,All / Fish / Cleaning And Maintenance / Nets,1,0,0
wahu-pets,All / Wahu Pets,1,0,0
dog>clothes>wraps,All / Dog / Clothes / Wraps,1,0,0
fish>food>flakes,All / Fish / Food / Flakes,1,0,0
valuheart,All / Valuheart,1,1,1
fish>filters-and-media>internal-filters,All / Fish / Filters And Media / Internal Filters,1,1,1
fish>health>stress-treatments,All / Fish / Health / Stress Treatments,1,0,0
fish>water-care>plant-care,All / Fish / Water Care / Plant Care,1,1,1
cat>treats>vetalogica,All / Cat / Treats / Vetalogica,1,0,0
dog>treats>straps,All / Dog / Treats / Straps,1,0,0
horse>treats>biscuits,All / Horse / Treats / Biscuits,1,0,0
selective-naturals,All / Selective Naturals,1,0,0
dog>food>bulldog,All / Dog / Food / Bulldog,1,0,0
jungle-talk,All / Jungle Talk,1,0,0
reptile>feeding-accessories>feeders,All / Reptile / Feeding Accessories / Feeders,1,0,0
reptile>food>hermit-crab-food,All / Reptile / Food / Hermit Crab Food,1,0,0
cat>house-and-travel>catnets,All / Cat / House And Travel / Catnets,1,0,0
bird>food>mealworms,All / Bird / Food / Mealworms,1,0,0
bird>cages-and-accessories>harnesses,All / Bird / Cages And Accessories / Harnesses,1,1,1
fish>water-care>water-buffers,All / Fish / Water Care / Water Buffers,1,1,1
comfortis-plus,All / Comfortis Plus,1,1,1
dog>toys>sticks,All / Dog / Toys / Sticks,1,1,1
small-pet>toys-and-hideaways>snuffle-mats,All / Small Pet / Toys And Hideaways / Snuffle Mats,1,0,0
dog>clothes>pink,All / Dog / Clothes / Pink,1,0,0
feline-care,All / Feline Care,1,0,0
tidy-cats,All / Tidy Cats,1,0,0
dog>health>diffusers,All / Dog / Health / Diffusers,1,0,0
bird>cages-and-accessories>ladders,All / Bird / Cages And Accessories / Ladders,1,2,1
cat>trees-and-scratchers>trees-and-condos,All / Cat / Trees And Scratchers / Trees And Condos,1,0,0
reptile>clean-up>cleaners,All / Reptile / Clean Up / Cleaners,1,0,0
bird>treats>bar-treats,All / Bird / Treats / Bar Treats,1,0,0
cat>grooming>towels,All / Cat / Grooming / Towels,1,0,0
horse>health>skin-care,All / Horse / Health / Skin Care,1,0,0
horse>health>stress-and-anxiety,All / Horse / Health / Stress And Anxiety,1,1,1
dog>feeding>water-bowls,All / Dog / Feeding / Water Bowls,1,0,0
reptile>food>insects-and-canned-food,All / Reptile / Food / Insects And Canned Food,1,1,1
dog>toys>bundle-boxes,All / Dog / Toys / Bundle Boxes,1,0,0
kh-pet-products,All / Kh Pet Products,1,0,0
pets-own,All / Pets Own,1,1,1
dog>toys>glow-and-light-up,All / Dog / Toys / Glow And Light Up,1,1,1
cat>food>taste-of-the-wild,All / Cat / Food / Taste Of The Wild,1,1,1
avione,All / Avione,1,0,0
small-pet>health>vitamins-and-supplements,All / Small Pet / Health / Vitamins And Supplements,1,0,0
bird>feeding-accessories>drinkers,All / Bird / Feeding Accessories / Drinkers,1,0,0
reptile>tanks-and-terrariums>terrariums,All / Reptile / Tanks And Terrariums / Terrariums,1,0,0
cat>grooming>pin-brushes,All / Cat / Grooming / Pin Brushes,1,0,0
bird>treats>biscuits,All / Bird / Treats / Biscuits,1,0,0
fish>pumps>air-stones,All / Fish / Pumps / Air Stones,1,0,0
cat>training-and-clean-up>training-pads-and-nappies,All / Cat / Training And Clean Up / Training Pads And Nappies,1,0,0
reptile>tanks-and-terrariums>starter-kits,All / Reptile / Tanks And Terrariums / Starter Kits,1,0,0